,0,1,2,3,4,5,6,7,8,9
0,0,0,0,0,0,234,35,29,2,162
1,0,0,0,0,0,0,0,2,12,51
2,0,0,0,0,0,0,0,0,3,334
3,0,0,0,0,215,1,273,90,14,367
4,62,3,18,1,14,10,81,176,408,417
5,362,179,39,123,1,63,203,19,55,5
6,0,0,0,0,0,0,17,202,259,112
7,0,0,0,36,71,22,2,18,1,266
8,0,0,0,0,7,125,344,21,32,211
9,0,0,0,0,0,0,0,184,3,73
10,0,0,0,1,128,390,5,26,2,49
11,0,0,0,0,0,92,222,21,32,325
12,40,31,206,453,211,21,35,19,55,76
13,0,0,1,171,11,18,4,137,2,42
14,0,0,0,36,20,36,132,3,2,19
15,0,0,0,0,0,4,101,47,1,224
16,0,0,0,0,0,0,0,0,0,233
17,0,0,0,0,45,89,48,82,4,53
18,0,0,0,0,0,0,0,13,58,267
19,0,0,0,0,0,0,17,197,11,405
20,0,0,0,0,0,0,0,13,27,383
21,1,8,71,67,127,17,195,4,136,372
22,0,0,0,0,0,1,476,2,15,296
23,203,86,71,80,6,1,157,18,123,11
24,0,0,0,0,0,0,0,0,74,254
25,0,0,7,44,12,46,5,61,6,238
26,0,0,0,0,0,0,0,0,74,29
27,0,0,0,0,4,1,35,29,2,17
28,0,0,0,0,0,0,17,11,428,85
29,0,0,0,0,0,0,0,3,213,490
30,0,0,0,0,0,0,0,89,14,82
31,0,0,0,0,22,12,31,11,431,11
32,7,45,132,3,44,123,3,85,18,48
33,0,0,0,0,0,0,5,2,17,368
34,0,0,0,0,0,0,0,0,0,95
35,0,0,0,0,0,0,42,160,50,87
36,0,0,300,20,188,129,2,31,5,30
37,0,0,0,0,0,0,0,3,2,260
38,0,0,0,0,0,0,0,0,0,15
39,1,24,6,2,86,6,333,62,4,25
40,0,0,0,0,0,0,0,360,75,31
41,0,0,0,0,0,0,0,0,15,84
42,0,0,0,0,0,0,88,89,14,53
43,0,0,10,9,37,67,4,407,47,3
44,311,6,32,252,23,186,306,73,14,46
45,0,0,0,0,0,0,0,0,0,0
46,0,0,0,0,0,1,8,2,210,4
47,0,0,0,0,0,0,0,112,13,17
48,3,142,1,94,53,105,6,106,3,20
49,0,0,271,251,379,21,80,20,10,33
50,0,0,57,23,9,163,401,81,163,297
51,0,0,0,0,0,15,274,50,39,286
52,0,0,0,0,0,170,102,5,24,2
53,159,357,21,22,4,174,45,31,5,8
54,0,0,0,0,0,0,1,351,2,384
55,21,132,117,2,1,35,73,39,1,26
56,220,199,243,32,100,16,1,158,494,168
57,53,4,92,21,40,28,3,184,2,51
58,0,0,119,9,6,240,3,3,124,150
59,0,0,0,0,0,3,98,13,20,81
60,0,0,7,9,77,76,11,217,275,4
61,0,0,0,0,0,0,456,2,101,457
62,1,150,100,189,134,1,8,59,108,114
63,0,0,0,0,0,244,2,86,6,25
64,0,0,0,0,0,0,0,13,11,52
65,0,0,0,0,0,3,9,17,148,246
66,0,0,0,5,2,208,146,8,6,25
67,0,0,0,0,0,0,0,0,42,320
68,0,0,0,0,0,0,0,106,13,17
69,0,0,0,0,0,0,0,0,342,411
70,0,0,0,0,0,0,7,47,1,148
71,0,0,0,0,0,0,0,0,0,24
72,124,62,16,10,75,91,54,12,151,3
73,0,0,0,0,0,0,7,2,20,10
74,0,0,0,0,0,0,101,22,12,13
75,0,0,0,0,0,0,0,0,139,100
76,0,0,0,0,0,0,0,0,44,12
77,0,0,0,0,0,0,0,59,312,131
78,0,0,0,0,0,0,95,165,53,313
79,0,0,0,0,0,0,0,79,19,24
80,0,0,3,258,2,12,27,19,27,10
81,9,169,65,110,278,4,79,58,188,50
82,0,74,211,11,1,41,4,104,13,17
83,0,45,188,303,4,45,280,70,250,255
84,0,8,2,210,27,36,179,307,8,2
85,9,9,286,50,11,65,81,312,110,92
86,2,20,60,117,12,9,76,20,10,33
87,0,0,0,0,119,382,11,1,159,8
88,0,0,0,34,443,10,82,73,1,11
89,29,99,69,4,120,12,180,287,102,3
90,0,0,0,0,0,0,0,0,258,257
91,12,116,16,1,181,3,66,18,1,33
92,48,82,40,9,5,61,11,51,131,92
93,13,93,36,3,11,10,4,3,12,13
94,0,0,0,0,0,57,23,45,103,3
95,0,0,0,0,0,0,0,0,49,24
96,0,0,0,0,0,7,46,31,5,24
97,108,97,110,310,20,5,4,251,5,8
98,0,0,0,0,7,144,46,5,41,8
99,0,0,463,10,1,72,8,9,87,9
100,363,6,25,37,26,11,217,204,4,96
101,0,0,0,0,443,1,50,2,15,42
102,0,0,0,0,0,0,7,44,46,3
103,0,0,0,0,0,0,15,86,6,25
104,0,0,0,0,0,47,145,471,3,2
105,0,0,0,15,38,32,4,66,10,198
106,350,483,4,127,449,6,22,379,16,3
107,54,252,5,61,44,13,38,57,87,3
108,0,34,31,102,348,14,76,4,14,82
109,0,0,0,74,429,430,11,321,81,13
110,0,0,0,0,0,0,30,2,232,109
111,0,0,0,0,3,9,124,62,15,38
112,0,0,0,0,0,0,9,2,13,17
113,0,0,0,0,0,0,7,375,9,28
114,0,0,0,0,0,381,3,22,12,13
115,12,269,347,11,97,55,348,220,199,2
116,0,0,0,0,0,0,0,42,8,87
117,0,0,0,0,0,0,0,22,12,66
118,7,9,307,18,10,96,8,91,2,321
119,0,0,0,0,0,0,0,0,13,198
120,473,65,110,4,3,9,13,17,11,52
121,60,3,13,2,161,1,236,14,5,61
122,28,11,101,31,10,4,36,71,107,2
123,0,0,0,0,0,173,33,481,1,72
124,0,0,0,0,0,0,0,0,162,8
125,0,0,0,0,0,0,0,0,95,29
126,0,0,1,249,207,21,496,117,2,25
127,0,0,0,0,0,0,0,84,39,19
128,0,0,0,0,0,0,0,45,31,3
129,0,76,2,478,15,116,4,464,2,296
130,0,0,0,28,263,91,172,169,8,380
131,0,0,0,0,0,0,34,130,34,19
132,6,248,5,252,2,1,113,8,11,52
133,0,0,7,2,97,55,51,16,5,24
134,195,16,3,20,1,43,90,1,2,319
135,0,0,0,0,0,0,241,30,19,31
136,7,161,3,206,359,90,14,1,35,29
137,6,141,11,9,1,111,166,11,19,41
138,0,0,0,0,0,0,0,0,30,178
139,1,26,2,86,6,25,4,301,47,152
140,7,9,5,8,4,3,2,20,10,226
141,0,0,0,0,0,0,0,0,17,196
142,0,0,0,0,162,10,99,126,12,5
143,0,0,0,0,0,0,1,26,2,444
144,0,0,0,0,0,0,0,0,1,148
145,0,0,0,0,188,346,336,20,2,230
146,0,0,0,0,0,0,0,25,36,196
147,0,0,0,86,6,240,16,10,291,96
148,1,94,37,40,103,21,66,10,33,332
149,0,0,0,0,0,0,0,0,13,17
150,0,0,0,0,0,0,0,0,0,490
151,85,419,81,85,124,281,73,14,10,33
152,110,4,5,31,228,11,1,14,1,275
153,410,1,8,73,6,147,3,18,140,137
154,0,0,7,47,1,78,4,213,14,291
155,0,0,0,0,0,0,0,1,197,2
156,0,0,0,0,0,1,72,8,20,355
157,0,0,0,7,47,36,1,168,4,475
158,0,0,0,0,5,112,2,17,20,163
159,0,88,118,14,178,97,100,18,5,8
160,4,25,1,24,11,101,65,114,3,142
161,0,0,0,0,0,3,1,14,75,26
162,31,5,8,27,349,11,10,4,9,3
163,20,282,285,147,3,18,4,119,137,154
164,0,0,0,0,0,0,7,47,5,111
165,0,0,0,0,0,0,95,29,4,50
166,1,200,194,10,24,15,4,3,13,38
167,0,0,0,0,345,23,11,89,10,82
168,9,2,5,15,19,8,4,34,22,7
169,92,123,63,58,3,22,91,3,2,83
170,0,0,0,1,30,2,218,270,6,52
171,0,0,0,0,0,0,190,118,14,178
172,0,0,0,0,0,0,0,34,101,436
173,0,0,0,0,17,11,25,16,48,321
174,0,0,10,9,401,14,150,18,182,366
175,30,406,108,307,4,246,308,114,182,63
176,354,11,5,4,54,190,51,16,21,325
177,0,0,67,376,6,227,46,335,5,24
178,16,1,259,194,4,36,3,2,19,77
179,42,8,39,5,291,2,1,42,9,87
180,0,0,0,3,2,232,116,20,1,33
181,0,0,0,0,0,0,2,12,1,72
182,0,0,0,0,0,0,0,0,0,5
183,0,0,0,0,448,163,212,65,220,100
184,0,0,0,0,0,0,0,0,0,178
185,0,0,0,0,0,0,0,36,20,36
186,0,0,0,0,0,30,133,2,231,19
187,8,440,2,25,27,91,2,25,119,5
188,0,0,0,1,454,168,2,79,6,25
189,135,6,66,164,10,429,430,182,1,43
190,0,0,7,155,10,153,38,214,1,194
191,0,0,0,0,0,0,3,85,260,4
192,0,0,0,0,0,7,149,10,82,176
193,0,0,0,0,0,3,207,63,11,52
194,0,0,0,0,0,189,2,265,3,176
195,0,27,242,11,238,20,1,42,14,122
196,0,0,0,0,0,0,0,54,480,84
197,0,0,0,1,121,73,14,1,235,6
198,27,254,315,147,416,164,417,14,101,418
199,0,0,0,0,3,123,63,11,109,53
200,0,0,0,0,0,78,17,4,2,262
201,0,0,0,0,88,89,14,82,4,53
202,57,105,6,499,1,33,106,164,10,33
203,344,396,16,1,378,157,3,2,18,10
204,0,0,0,0,0,61,22,12,326,195
205,61,338,27,311,39,1,339,2,12,311
206,0,0,0,0,0,0,0,0,59,63
207,4,32,397,397,397,35,119,107,263,219
208,0,0,0,0,366,2,78,11,83,196
209,0,0,0,0,12,27,19,27,9,340
210,0,0,0,0,31,212,8,60,12,5
211,0,0,0,0,22,12,31,22,12,233
212,0,7,151,427,4,3,66,167,16,152
213,63,52,4,125,12,161,52,10,388,176
214,0,0,0,3,12,88,3,107,3,2
215,394,4,183,18,1,172,191,184,185,52
216,236,29,34,27,32,1,470,35,15,193
217,0,0,0,0,0,0,0,0,17,26
218,0,0,0,0,0,0,5,2,17,368
219,11,1,2,231,19,23,9,320,145,209
220,0,0,0,0,0,0,0,19,55,280
221,0,0,0,0,0,0,0,0,42,66
222,8,318,319,21,23,4,73,59,115,420
223,0,0,7,9,9,56,150,263,4,97
224,127,65,93,53,4,1,29,2,15,95
225,0,0,0,0,0,0,137,201,63,194
226,0,0,0,0,0,72,75,18,1,355
227,0,0,0,0,0,7,144,46,5,43
228,5,11,1,99,69,4,3,22,12,13
229,0,0,0,0,0,0,269,373,39,1
230,0,0,0,0,0,0,0,0,15,84
231,3,11,10,4,407,9,56,16,1,30
232,1,225,22,28,292,90,3,48,33,4
233,0,0,0,0,72,14,36,2,1,168
234,0,0,0,0,0,7,161,51,126,297
235,0,0,0,0,358,111,18,8,13,198
236,0,0,0,0,0,0,106,2,1,283
237,79,20,4,2,210,135,45,280,70,56
238,9,2,15,16,5,96,8,39,114,37
239,121,2,146,236,136,91,147,62,6,206
240,0,0,0,0,0,0,492,20,1,33
241,288,4,3,13,79,9,10,198,34,130
242,0,0,0,0,15,180,84,16,5,200
243,206,243,6,298,299,4,35,39,1,26
244,0,0,0,0,0,0,1,295,2,17
245,0,0,0,0,0,0,0,19,55,280
246,0,0,0,0,0,442,184,9,2,208
247,0,0,0,0,0,1,128,9,2,19
248,71,107,21,3,1,72,409,8,40,9
249,0,0,0,0,0,0,0,0,0,156
250,0,0,0,0,0,0,0,4,3,13
251,42,197,87,25,57,117,161,5,359,44
252,0,0,0,0,0,0,0,0,158,29
253,9,57,48,338,22,12,276,96,8,157
254,0,0,0,0,0,68,435,18,5,37
255,4,148,2,27,19,27,70,39,21,110
256,393,21,227,18,60,268,90,3,10,33
257,0,7,2,15,143,16,5,26,39,360
258,0,0,0,0,7,44,144,46,5,24
259,0,0,0,0,0,54,125,16,5,8
260,0,0,0,0,0,10,92,28,17,146
261,0,0,0,0,0,0,7,47,5,112
262,0,0,0,0,0,0,0,0,19,43
263,22,170,60,219,93,3,15,6,2,8
264,0,0,0,0,0,174,45,89,48,82
265,0,0,0,0,45,474,80,6,1,387
266,0,0,0,0,0,0,17,11,1,293
267,0,0,0,0,0,0,0,0,17,24
268,0,0,0,0,0,0,0,0,13,17
269,118,14,234,87,498,16,1,169,160,50
270,3,2,120,59,157,14,28,25,6,3
271,26,66,19,60,76,111,32,3,6,151
272,0,0,0,0,0,0,0,22,12,66
273,0,0,0,0,0,7,2,337,77,3
274,0,0,0,0,0,0,0,0,5,2
275,207,132,21,1,249,309,2,250,6,52
276,0,0,0,0,0,0,0,49,8,43
277,0,0,0,0,0,0,116,20,10,202
278,0,0,0,0,0,0,0,0,236,29
279,205,21,277,16,1,8,201,65,110,278
280,0,0,0,0,3,66,332,20,272,33
281,6,9,6,2,1,94,6,287,5,24
282,0,0,0,0,0,23,28,88,23,11
283,0,0,0,0,7,9,6,77,212,43
284,0,0,40,64,9,10,75,11,115,175
285,0,0,0,0,0,0,0,0,19,41
286,0,0,0,0,0,0,0,0,0,0
287,0,0,0,0,0,0,0,0,290,8
288,0,0,0,0,0,65,62,6,5,389
289,0,0,0,0,0,0,0,0,17,8
290,3,276,52,6,347,70,112,6,10,247
291,0,0,0,0,0,0,0,0,0,3
292,0,0,7,9,25,163,8,20,108,110
293,0,1,94,111,21,2,21,1,2,137
294,54,51,102,5,77,19,29,4,236,41
295,59,110,1,30,80,218,369,18,10,26
296,0,0,0,0,7,45,58,5,179,272
297,0,0,0,0,423,23,71,316,424,255
298,0,0,0,0,0,0,0,15,84,20
299,0,0,0,0,0,0,0,4,29,24
300,104,265,16,1,26,44,269,20,10,33
301,0,0,0,0,0,0,0,0,95,323
302,0,0,0,0,0,0,0,0,17,8
303,8,40,87,9,64,9,3,11,115,131
304,0,0,0,0,0,0,0,0,229,112
305,0,0,0,0,0,0,0,0,0,2
306,31,5,6,25,16,10,4,304,47,3
307,0,0,0,0,0,0,0,0,19,187
308,0,0,30,133,125,12,109,135,20,138
309,0,0,0,0,0,0,171,2,85,156
310,0,0,0,0,0,15,174,16,10,77
311,9,228,181,6,382,42,8,11,235,81
312,0,0,0,0,0,0,0,72,26,87
313,0,0,0,0,0,0,0,295,98,13
314,24,60,1,21,253,12,9,31,5,475
315,0,0,0,0,0,0,0,86,6,25
316,0,0,0,0,0,0,0,0,0,230
317,0,0,7,2,67,15,51,16,1,41
318,0,0,0,0,0,11,1,41,18,141
319,0,0,0,128,2,162,4,439,14,299
320,0,0,7,89,10,146,82,16,5,196
321,58,60,5,37,2,15,479,98,62,10
322,0,0,0,0,13,58,267,13,27,431
323,0,0,0,51,3,13,65,3,2,116
324,154,4,52,6,31,8,182,70,223,14
325,0,0,0,0,23,237,1,41,18,76
326,0,237,28,1,197,6,13,16,10,378
327,0,0,0,0,0,0,0,0,7,46
328,5,2,202,215,1,72,8,40,87,9
329,60,18,1,28,362,4,2,125,3,17
330,0,0,0,0,0,0,0,0,0,84
331,6,106,3,20,398,20,1,399,80,204
332,1,94,8,40,9,21,9,2,34,32
333,0,0,0,0,1,158,447,1,2,49
334,14,454,4,2,341,55,455,8,9,25
335,0,0,22,12,32,1,159,357,27,52
336,110,4,1,29,14,225,21,9,103,6
337,0,1,26,10,34,2,51,16,10,77
338,0,0,0,5,61,2,342,4,13,198
339,6,315,1,205,30,39,21,277,16,10
340,6,25,28,264,22,32,1,99,34,180
341,0,0,0,0,0,15,51,16,5,24
342,0,365,329,4,34,22,5,193,146,8
343,1,465,10,235,142,54,12,85,14,1
344,0,0,0,0,0,0,0,0,0,79
345,0,0,0,0,0,0,0,0,0,0
346,0,0,0,0,0,0,148,15,74,195
347,0,0,0,0,0,0,5,2,17,8
348,0,0,0,0,0,0,0,0,0,234
349,0,0,0,0,0,0,0,0,42,128
350,0,0,0,1,173,66,10,33,15,38
351,0,5,20,1,8,2,272,93,121,81
352,0,0,0,0,0,445,75,26,2,348
353,129,331,14,53,11,1,23,149,81,12
354,0,0,0,0,0,0,17,408,247,8
355,4,4,298,21,3,64,9,310,20,1
356,25,3,16,140,16,43,4,3,66,167
357,6,5,18,358,100,2,6,25,5,26
358,0,0,0,0,0,0,0,5,416,329
359,0,0,0,11,1,41,5,2,17,368
360,0,0,0,0,380,13,129,81,11,52
361,0,0,0,0,0,0,0,18,1,33
362,0,0,0,1,323,14,1,26,2,95
363,0,0,0,0,0,0,0,27,107,270
364,0,3,15,4,484,6,2,14,19,29
365,0,0,0,0,0,0,7,47,5,8
366,7,153,5,24,94,4,2,441,16,3
367,0,0,0,0,12,19,135,11,1,41
368,0,0,0,0,0,1,225,283,2,192
369,0,0,0,0,0,0,1,61,155,2
370,106,3,20,64,6,103,73,12,111,13
371,23,2,78,11,19,29,138,26,124,78
372,28,3,6,400,62,129,6,28,296,121
373,0,0,0,0,0,0,0,54,134,152
374,0,0,0,0,0,0,0,0,122,467
375,493,96,8,30,4,4,93,14,1,41
376,0,0,0,0,0,40,9,68,1,266
377,5,24,2,11,183,58,52,33,2,15
378,0,0,0,0,0,0,0,0,435,436
379,0,0,0,3,2,15,116,18,1,33
380,0,0,0,0,0,0,0,0,0,24
381,361,361,418,5,2,1,37,21,13,38
382,0,0,0,0,83,30,13,17,20,8
383,155,100,2,168,4,5,8,2,20,21
384,0,10,353,2,162,5,2,10,75,26
385,0,0,0,0,0,0,0,98,113,109
386,0,0,6,69,11,294,113,97,55,56
387,0,0,0,0,0,94,137,1,128,233
388,7,28,5,8,18,39,4,54,337,22
389,112,9,10,4,32,10,133,488,203,86
390,0,0,0,0,0,0,0,47,5,8
391,0,0,0,0,5,30,2,140,49,257
392,0,0,0,0,3,13,17,16,99,69
393,0,0,0,0,0,0,0,265,3,176
394,0,0,0,0,0,0,3,78,15,74
395,11,217,52,4,1,27,38,27,14,25
396,0,0,0,0,0,1,8,18,36,226
397,0,0,3,2,15,116,6,151,27,38
398,0,0,0,0,0,7,64,185,11,187
399,0,0,0,0,189,44,46,76,6,279
400,0,0,0,0,0,0,5,8,13,17
401,240,14,211,2,1,42,21,9,87,9
402,0,0,0,0,0,0,0,0,15,50
403,0,0,0,0,0,0,166,228,19,249
404,0,0,0,0,0,30,133,2,67,17
405,13,11,157,119,243,9,56,20,10,256
406,0,0,0,0,0,0,0,134,221,268
407,10,378,4,10,428,4,3,13,101,167
408,60,5,37,314,6,2,20,11,1,109
409,23,149,156,364,8,78,27,1,393,2
410,0,0,0,0,0,0,0,12,19,257
411,0,0,0,0,0,0,0,0,49,8
412,0,0,0,0,0,0,148,224,2,394
413,0,0,0,0,3,128,2,15,15,95
414,0,0,0,0,3,9,36,1,168,149
415,0,0,0,0,0,0,17,24,4,41
416,0,0,0,0,3,98,32,23,78,290
417,0,0,0,0,0,0,45,89,48,82
418,0,7,47,10,26,10,75,26,2,17
419,0,0,0,0,0,0,0,47,5,24
420,0,0,0,0,0,0,1,2,376,4
421,0,3,34,6,9,6,124,31,83,69
422,0,0,0,0,335,5,37,57,23,71
423,0,0,0,0,0,0,0,0,89,14
424,0,0,0,0,0,0,0,0,139,35
425,0,0,0,237,387,379,60,8,331,6
426,2,204,130,1,42,77,40,32,18,141
427,69,2,80,6,106,3,20,4,3,243
428,0,0,0,0,0,0,1,8,28,350
429,0,0,0,0,0,88,192,89,14,53
430,14,413,11,1,159,4,53,59,1,94
431,0,0,0,0,0,0,0,3,190,86
432,375,38,2,1,42,40,87,9,20,70
433,3,433,209,55,70,172,391,14,5,283
434,0,0,19,415,4,22,12,32,8,85
435,0,0,0,0,0,0,0,47,5,26
436,0,0,0,0,286,9,1,72,160,50
437,0,0,0,0,0,0,0,0,11,1
438,0,0,0,0,0,5,2,17,146,61
439,0,0,0,0,0,0,0,0,141,233
440,0,0,0,7,80,18,405,303,4,36
441,0,0,0,0,0,0,0,0,0,0
442,0,0,0,0,0,0,3,118,14,234
443,1,385,21,386,22,12,326,1,20,1
444,0,0,0,0,0,0,0,0,12,143
445,0,0,0,0,0,0,0,23,380,3
446,0,0,0,0,0,0,0,0,0,394
447,0,0,0,0,0,159,56,27,279,9
448,6,12,77,5,61,3,186,13,15,38
449,0,0,0,0,0,0,0,0,0,68
450,7,28,3,90,3,2,34,156,4,489
451,0,0,0,0,0,0,0,162,160,50
452,0,0,0,0,0,0,0,0,15,116
453,387,4,31,83,179,8,282,2,13,17
454,0,0,0,0,0,0,74,26,41,129
455,8,93,425,11,1,172,426,6,185,23
456,0,0,76,24,319,62,1,260,1,33
457,0,0,0,0,0,0,0,17,41,67
458,0,0,0,0,0,0,0,0,3,12
459,0,0,0,0,0,16,1,138,241,8
460,0,1,179,177,22,12,13,16,10,8
461,392,55,1,293,2,80,6,239,3,16
462,0,0,0,0,22,12,63,1,395,8
463,0,0,57,23,58,209,6,36,48,294
464,0,0,0,0,0,0,0,15,19,24
465,7,71,87,185,18,3,4,2,107,88
466,485,21,2,59,157,4,52,6,134,3
467,0,0,0,0,0,0,0,0,0,8
468,1,18,36,10,100,21,9,186,353,199
469,0,0,26,13,17,2,334,6,335,70
470,0,0,305,6,25,1,159,467,69,122
471,0,0,0,0,1,4,171,2,302,198
472,2,19,115,114,278,310,10,8,20,1
473,0,0,0,0,0,0,160,50,2,162
474,0,0,0,0,0,0,0,0,49,26
475,0,0,67,32,3,86,6,123,18,6
476,0,0,0,0,0,0,0,1,351,2
477,0,0,0,0,0,0,0,15,19,8
478,0,0,0,0,0,4,289,14,1,2
479,0,0,0,0,0,0,0,21,200,2
480,3,2,1,72,69,9,18,1,355,305
481,205,25,6,113,175,60,125,113,109,55
482,0,0,0,0,0,0,5,2,322,8
483,0,0,0,0,0,0,35,19,41,4
484,0,0,0,0,0,0,0,215,1,273
485,0,0,0,0,0,0,30,9,68,133
486,0,0,0,0,0,0,0,0,15,139
487,0,0,0,0,0,126,153,39,152,154
488,0,0,0,0,0,0,0,0,0,208
489,0,372,5,6,48,126,32,23,213,58
490,92,4,1,10,8,39,73,14,10,202
491,0,170,102,3,2,167,4,11,1,41
492,0,0,0,0,0,0,0,0,269,373
493,0,289,14,1,83,37,9,87,232,13
494,0,0,0,0,0,0,0,0,13,19
495,0,0,0,0,0,0,0,0,49,50
496,1,72,77,40,32,20,1,113,163,110
497,0,0,0,0,0,0,0,0,230,8
498,0,3,2,432,63,62,11,25,27,156
499,0,0,3,9,170,166,4,184,11,97
500,0,0,0,0,0,0,0,0,17,69
501,0,0,0,0,0,0,0,0,17,458
502,342,31,4,126,28,154,11,10,8,2
503,144,46,11,70,37,300,9,244,403,8
504,0,0,0,0,0,0,0,47,3,17
505,0,0,0,0,0,0,0,0,6,107
506,0,0,0,0,0,0,0,145,2,21
507,118,14,371,4,9,68,318,81,226,415
508,21,117,239,10,38,385,11,10,452,364
509,0,0,0,0,0,0,7,347,10,75
510,0,0,0,0,0,49,24,11,1,41
511,0,0,0,0,0,22,12,77,5,8
512,0,0,0,0,0,0,0,0,54,174
513,0,0,0,0,0,0,0,0,17,8
514,59,1,94,63,124,80,369,59,352,220
515,0,0,3,22,170,1,339,107,3,44
516,0,0,0,0,0,0,74,122,4,29
517,0,138,28,1,158,29,14,75,26,129
518,46,77,1,173,65,282,13,487,16,10
519,0,0,0,7,144,46,5,112,6,301
520,0,0,0,0,0,0,0,22,12,31
521,0,0,0,0,0,0,41,2,19,85
522,0,0,0,0,113,37,114,4,119,62
523,0,0,0,0,0,0,479,4,13,38
524,0,0,0,0,1,194,53,2,67,15
525,0,0,0,0,7,404,301,22,12,2
526,0,0,0,54,105,6,134,3,11,388
527,14,1,8,227,3,36,176,4,119,3
528,0,0,0,1,14,1,445,446,26,219
529,0,0,0,0,0,0,15,19,29,402
530,0,0,0,0,0,0,0,0,0,0
531,0,0,0,0,0,1,30,133,2,144
532,0,0,0,0,0,0,3,2,6,25
533,0,0,0,0,0,0,0,0,0,466
534,2,25,4,1,35,2,19,390,48,33
535,0,0,0,0,0,3,67,9,83,56
536,0,0,0,0,0,339,9,6,134,3
537,1,191,14,440,4,54,218,441,16,3
538,0,139,14,5,24,4,80,16,1,288
539,0,0,0,12,64,126,3,273,48,256
540,37,111,251,2,1,333,171,93,1,226
541,0,0,0,0,0,0,317,10,8,2
542,0,0,0,0,0,0,2,18,1,8
543,0,0,0,7,71,12,32,100,93,302
544,0,0,0,0,0,0,45,31,5,24
545,16,5,61,4,44,153,3,154,57,166
546,0,0,0,0,0,0,8,281,73,292
547,0,0,0,0,0,0,0,15,16,21
548,0,0,0,0,0,451,6,10,8,182
549,0,0,36,308,142,214,108,131,14,25
550,0,0,0,0,0,7,44,144,46,5
551,0,0,0,0,0,0,6,25,4,274
552,0,0,389,194,216,4,180,193,55,1
553,0,0,0,0,0,0,0,0,482,358
554,0,0,0,0,0,0,274,54,161,62
555,0,0,0,0,0,0,0,118,14,178
556,0,0,0,0,409,8,343,2,242,9
557,0,0,0,0,0,0,98,22,1,264
558,0,0,0,0,0,0,0,0,0,0
559,0,0,0,0,0,0,7,2,15,51
560,0,0,0,23,71,136,127,16,1,328
561,0,0,0,0,0,0,0,0,88,149
562,0,0,0,0,0,0,0,0,42,87
563,5,4,214,65,114,3,2,68,109,13
564,13,19,55,1,169,37,4,2,3,193
565,0,0,0,0,0,0,0,0,88,89
566,0,0,0,0,0,0,1,462,2,17
567,0,0,0,5,8,267,2,489,4,15
568,0,0,0,0,0,21,37,207,13,272
569,0,0,0,0,10,8,6,58,83,313
570,0,0,0,0,0,0,0,36,20,36
571,0,0,0,0,0,0,0,0,13,17
572,0,0,0,0,0,0,0,0,27,271
573,0,0,0,0,0,12,19,91,151,81
574,0,0,0,0,3,2,89,14,10,82
575,0,40,150,10,8,97,53,55,71,107
576,0,0,0,0,124,62,1,19,13,141
577,0,0,0,0,0,0,0,0,95,24
578,22,12,31,57,23,149,6,25,1,385
579,0,0,0,145,71,21,187,29,2,95
580,7,144,46,76,4,183,6,161,152,105
581,0,0,0,0,0,7,2,340,11,97
582,3,32,15,472,351,199,3,191,1,100
583,0,0,0,0,0,0,1,2,1,245
584,0,0,0,0,0,0,0,95,35,29
585,0,0,0,0,0,1,30,306,215,216
586,0,0,0,0,0,0,0,0,0,0
587,1,497,6,1,41,14,1,177,2,49
588,0,105,6,32,100,18,76,2,140,20
589,21,1,33,2,32,14,367,4,142,292
590,0,0,0,0,0,0,58,6,134,3
591,56,400,227,48,82,395,126,12,255,3
592,221,4,1,30,44,2,450,273,4,469
593,25,26,4,1,39,1,365,2,15,250
594,0,0,0,0,0,0,0,56,93,36
595,0,0,0,0,0,0,7,47,5,75
596,0,0,0,0,0,0,0,49,75,26
597,145,42,10,160,50,353,9,2,16,141
598,0,0,0,57,23,2,241,242,9,5
599,104,9,2,350,74,4,250,18,1,8
600,10,247,291,8,4,354,35,20,33,106
601,0,0,0,0,0,0,0,0,38,54
602,0,7,248,173,4,2,15,51,16,3
603,0,0,0,0,0,15,174,16,5,26
604,0,0,0,0,0,0,356,11,488,275
605,0,0,0,7,67,207,58,1,18,171
606,27,19,78,27,1,141,195,32,3,78
607,0,0,0,0,0,0,7,222,21,35
608,0,3,66,10,33,38,4,2,116,18
609,0,0,0,0,0,0,0,0,17,8
610,0,0,0,0,0,0,0,0,0,84
611,0,0,0,34,130,3,9,13,58,267
612,165,6,18,3,2,384,93,1,29,85
613,0,0,0,0,0,5,8,391,2,229
614,0,0,0,0,345,23,11,444,17,50
615,0,0,0,0,0,37,14,10,77,87
616,12,70,223,14,6,10,128,59,31,3
617,0,0,0,0,0,0,0,0,0,122
618,5,179,96,8,115,175,278,4,3,2
619,0,0,0,0,0,30,2,123,62,38
620,0,0,0,0,0,0,0,0,4,139
621,1,264,21,138,22,18,1,14,5,8
622,0,0,0,0,54,15,84,16,10,325
623,112,2,478,20,181,4,1,323,213,19
624,79,84,36,9,92,2,69,21,98,13
625,0,0,0,0,0,0,0,158,447,2
626,0,1,64,15,84,111,2,120,2,68
627,0,0,1,64,111,21,84,52,2,1
628,0,0,0,0,0,0,1,122,2,15
629,0,0,0,0,117,12,28,262,135,263
630,0,1,43,2,17,4,13,167,16,1
631,0,0,0,0,0,0,0,237,39,426
632,60,132,3,64,13,246,91,94,25,3
633,0,0,0,5,2,17,24,252,25,48
634,39,1,53,23,94,147,18,1,133,2
635,304,68,56,16,5,26,451,6,10,452
636,0,0,0,0,0,0,44,46,5,61
637,0,0,0,0,0,0,5,61,2,17
638,0,0,0,3,18,318,226,4,47,3
639,0,0,0,0,0,0,0,30,2,162
640,103,5,24,18,141,3,2,284,6,103
641,0,0,0,0,0,1,496,67,13,38
642,0,1,35,29,2,19,4,464,2,229
643,0,0,0,0,0,0,1,43,98,66
644,0,0,34,238,23,126,185,14,48,294
645,6,410,73,1,411,4,165,18,1,8
646,0,0,0,0,0,0,0,0,13,17
647,0,0,0,0,0,0,45,89,48,82
648,0,0,0,0,0,0,49,202,259,343
649,0,0,0,0,0,0,0,0,0,0
650,0,0,0,0,70,470,19,8,6,31
651,396,6,10,96,4,16,68,299,448,25
652,0,0,5,425,44,12,13,16,10,138
653,0,0,0,0,1,349,469,20,115,175
654,0,0,0,0,0,0,0,442,80,15
655,0,0,0,0,0,0,293,2,229,85
656,0,0,0,0,5,24,2,15,29,234
657,0,0,0,0,0,0,0,0,13,167
658,10,26,20,19,53,4,2,51,16,3
659,19,111,2,21,3,66,332,18,156,33
660,0,0,0,0,0,0,0,0,322,402
661,0,0,0,0,0,0,28,1,264,22
662,120,2,12,326,327,1,8,4,1,69
663,1,30,2,274,27,38,27,1,50,25
664,19,5,2,10,37,4,40,9,288,85
665,0,0,0,0,0,0,0,42,160,50
666,0,0,0,101,377,18,1,32,23,107
667,0,0,1,371,142,79,86,18,5,372
668,0,0,0,7,227,1,268,463,18,3
669,0,0,0,0,3,2,412,20,99,93
670,0,0,0,0,188,4,495,222,88,22
671,0,0,0,0,0,0,0,0,74,35
672,0,0,0,0,0,0,0,27,140,287
673,21,142,59,2,18,10,8,11,65,114
674,0,0,0,0,0,0,0,0,17,75
675,8,136,91,3,2,214,370,327,1,108
676,0,0,0,0,7,64,25,3,108,114
677,32,5,43,85,156,4,2,15,376,6
678,0,0,0,0,0,0,17,35,4,50
679,0,0,0,0,0,30,113,64,115,221
680,0,0,0,0,0,1,389,2,15,4
681,460,6,238,16,212,96,256,20,1,275
682,0,0,0,0,0,0,3,13,15,38
683,0,0,0,0,0,0,1,2,18,53
684,0,0,0,0,0,17,24,11,1,41
685,0,0,0,0,0,0,0,0,0,15
686,0,0,0,0,0,0,0,57,23,251
687,0,0,1,33,64,433,434,20,37,33
688,0,0,0,0,0,60,91,468,158,93
689,0,0,0,0,0,0,0,366,2,498
690,0,0,0,0,0,1,231,2,1,121
691,0,0,0,104,13,102,65,175,119,142
692,0,0,0,0,7,47,1,109,30,133
693,0,330,16,74,4,356,46,23,5,43
694,0,0,0,0,0,0,0,0,0,15
695,0,0,0,0,0,0,0,0,19,61
696,0,0,0,0,0,0,104,2,34,290
697,0,0,0,0,0,0,0,9,16,121
698,0,7,9,9,5,8,11,201,110,92
699,0,0,0,0,0,0,0,0,17,24
700,0,0,0,0,0,0,0,0,0,0
701,0,0,0,0,0,0,0,223,14,261
702,8,1,94,111,298,2,1,79,42,50
703,1,14,277,73,14,1,8,157,20,25
704,0,0,0,0,0,0,0,0,98,13
705,0,0,0,0,0,0,0,12,482,3
706,0,0,0,0,0,0,0,0,42,77
707,5,4,34,126,2,134,5,8,4,317
708,254,2,74,327,439,4,1,96,8,331
709,12,209,135,4,98,147,18,58,3,253
710,0,0,0,0,0,0,1,30,13,17
711,0,0,0,0,0,0,19,24,466,458
712,0,0,0,0,0,0,187,29,2,95
713,3,103,10,96,8,129,373,91,1,99
714,1,8,218,4,92,9,6,28,3,239
715,0,0,0,7,47,1,90,104,2,34
716,0,0,0,0,0,0,446,118,142,292
717,16,1,171,57,23,1,8,6,48,157
718,0,0,0,0,45,89,48,18,5,37
719,7,2,15,143,16,1,41,14,1,43
720,329,4,438,129,215,6,3,30,330,43
721,0,0,0,104,22,12,102,1,37,480
722,2,15,459,4,1,225,2,74,4,139
723,0,0,0,0,0,0,0,0,17,8
724,0,0,0,0,22,170,3,253,4,97
725,0,7,44,9,161,68,359,57,2,363
726,0,0,0,0,0,0,1,72,14,1
727,0,0,0,0,0,0,0,22,12,13
728,0,0,0,0,140,229,83,78,11,281
729,16,10,455,453,26,21,106,164,140,493
730,0,0,0,0,0,0,0,1,338,2
731,0,0,0,1,177,78,34,471,4,486
732,0,0,0,0,0,0,0,49,365,26
733,0,0,0,0,0,0,0,0,25,4
734,2,101,120,276,1,225,6,28,36,62
735,143,91,80,39,1,205,30,6,1,30
736,0,0,0,0,0,0,3,2,17,8
737,0,0,0,0,0,0,45,89,48,82
738,0,0,0,0,0,0,63,11,5,50
739,0,0,0,0,0,0,7,44,46,5
740,0,0,7,31,108,14,152,4,126,63
741,240,16,4,27,26,18,10,247,25,75
742,0,0,0,0,0,0,0,19,187,29
743,0,0,0,7,2,12,143,204,5,24
744,0,0,0,0,0,0,0,0,13,17
745,0,7,151,3,4,3,123,62,15,38
746,0,0,0,3,64,1,8,27,3,112
747,0,0,0,1,106,22,12,13,15,38
748,0,0,0,0,0,0,68,33,481,309
749,2,190,6,151,221,114,182,20,1,33
750,21,23,71,73,1,100,4,12,28,137
751,0,0,0,0,0,0,0,0,0,67
752,0,1,461,36,1,462,21,37,2,17
753,0,0,0,0,0,0,27,190,19,24
754,0,0,0,0,0,457,8,18,17,346
755,0,0,0,0,0,0,289,14,3,13
756,0,0,0,0,0,0,5,2,19,30
757,0,0,0,0,3,1,72,26,9,25
758,0,0,0,0,0,0,0,1,352,148
759,0,0,0,0,0,0,0,0,42,29
760,19,128,4,374,55,70,8,40,9,199
761,0,0,0,0,0,113,53,31,39,23
762,0,0,17,3,2,83,334,74,13,19
763,0,0,0,0,495,120,2,56,16,1
764,0,0,0,0,0,0,0,186,28,3
765,0,0,0,0,7,9,153,138,497,177
766,0,0,0,1,460,69,4,2,79,17
767,0,0,0,5,37,13,4,2,41,129
768,120,2,68,168,11,3,282,2,79,84
769,0,0,0,79,174,16,5,24,34,130
770,210,4,40,186,9,70,419,56,16,3
771,0,0,1,8,2,412,4,2,12,83
772,0,0,0,0,0,0,0,192,271,16
773,197,2,362,4,71,12,16,83,197,122
774,0,0,0,0,0,40,100,90,14,5
775,316,6,67,1,224,3,9,18,48,8
776,0,0,0,0,0,0,0,0,304,17
777,0,0,0,0,0,0,1,249,2,491
778,16,39,141,4,54,15,51,16,10,77
779,0,0,324,18,153,39,152,154,4,154
780,0,0,0,0,169,424,255,10,390,115
781,0,0,0,0,0,0,0,0,17,8
782,0,0,0,0,0,0,0,0,0,84
783,4,3,2,11,420,4,3,125,13,17
784,0,0,0,7,2,12,51,16,5,61
785,0,0,0,0,0,0,0,2,12,139
786,0,0,0,0,0,3,9,2,11,399
787,48,33,4,314,6,1,35,121,4,374
788,23,324,6,25,5,20,99,316,102,3
789,0,0,0,0,7,117,12,46,76,97
790,0,0,0,0,0,0,0,0,17,187
791,1,4,3,2,2,12,143,4,2,12
792,0,0,0,0,0,0,0,266,2,483
793,15,6,28,5,26,90,132,3,2,79
794,0,0,386,216,4,180,392,55,279,2
795,0,0,0,0,0,0,0,0,118,14
796,0,0,0,0,0,0,0,12,88,149
797,0,0,0,0,0,0,10,26,13,101
798,0,0,0,0,0,165,102,270,160,50
799,0,0,0,0,0,0,0,0,3,13
800,0,0,0,0,0,0,24,2,27,383
801,45,9,6,3,27,27,228,14,1,364
802,23,2,20,1,99,4,1,121,2,232
803,258,46,1,173,11,300,2,78,11,356
804,0,0,0,0,0,0,0,0,19,43
805,0,0,0,0,0,0,3,2,140,118
806,0,0,0,0,0,0,0,0,88,271
807,0,0,3,2,208,6,25,4,58,3
